{
  "format_version": "1.8.0",
  "animations": {
    "ro": {
      "loop": true,
      "animation_length": 6.04167,
      "bones": {
        "a1": {
          "rotation": {
            "0.0417": [0, 0, 0],
            "0.3333": [0, -20.55, 0],
            "0.625": [0, -52.33, 0],
            "0.875": [0, -87.5, 0],
            "0.9167": [0, -87.5, 0],
            "1.7917": [0, -345.94, 0],
            "1.9167": [0, -360, 0],
            "3.0833": [0, -440, 0]
          },
          "position": [0.1, 0, 0.03],
          "scale": {
            "0.9167": [1, 1, 1],
            "0.9583": [0, 0, 0],
            "1.75": [0, 0, 0],
            "1.7917": [1, 1, 1]
          }
        },
        "a2": {
          "rotation": {
            "0.0": [0, 0, 0],
            "0.25": [0, -22.55, 0],
            "0.5": [0, -64.76, 0],
            "0.75": [0, -87.5, 0],
            "0.9167": [0, -87.5, 0],
            "1.7083": [0, -354, 0],
            "1.8333": [0, -360, 0],
            "3.0": [0, -440, 0]
          },
          "position": [0.03, 0, 0],
          "scale": {
            "0.9167": [1, 1, 1],
            "0.9583": [0, 0, 0],
            "1.6667": [0, 0, 0],
            "1.7083": [1, 1, 1]
          }
        },
        "b1": {
          "rotation": {
            "0.0": [0, 0, 0],
            "0.625": [0, 0, 0],
            "0.875": [0, -2.5, 0],
            "0.9167": [0, -2.5, 0],
            "2.25": [0, -272, 0],
            "2.375": [0, -275, 0],
            "3.0833": [0, -280, 0]
          },
          "position": {
            "3.0417": [0.016, 0, 0],
            "3.0833": [0.01, 0, 0.02]
          },
          "scale": {
            "0.9167": [1, 1, 1],
            "0.9583": [0, 0, 0],
            "2.2083": [0, 0, 0],
            "2.25": [1, 1, 1]
          }
        },
        "b2": {
          "rotation": {
            "0.0": [0, 0, 0],
            "0.2917": [0, 0, 0],
            "0.6667": [0, -7.5, 0],
            "0.9167": [0, -7.5, 0],
            "2.5833": [0, -268, 0],
            "2.7083": [0, -272, 0],
            "3.25": [0, -279.5, 0]
          },
          "position": [0.035, 0, 0],
          "scale": {
            "0.9167": [1, 1, 1],
            "0.9583": [0, 0, 0],
            "2.5417": [0, 0, 0],
            "2.5833": [1, 1, 1]
          }
        },
        "all": {
          "scale": 2
        }
      }
    },
    "p1": {
      "loop": true,
      "animation_length": 6.04167,
      "bones": {
        "a1": {
          "rotation": {
            "0.0417": [0, 0, 0],
            "0.3333": [0, -20.55, 0],
            "0.625": [0, -52.33, 0],
            "0.875": [0, -87.5, 0],
            "0.9167": [0, -87.5, 0],
            "1.7917": [0, -345.94, 0],
            "1.9167": [0, -360, 0],
            "3.0833": [0, -440, 0]
          },
          "position": [0.1, 0, 0.03],
          "scale": {
            "0.9167": [1, 1, 1],
            "0.9583": [0, 0, 0],
            "1.75": [0, 0, 0],
            "1.7917": [1, 1, 1]
          }
        },
        "a2": {
          "rotation": {
            "0.0": [0, 0, 0],
            "0.25": [0, -22.55, 0],
            "0.5": [0, -64.76, 0],
            "0.75": [0, -87.5, 0],
            "0.9167": [0, -87.5, 0],
            "1.7083": [0, -354, 0],
            "1.8333": [0, -360, 0],
            "3.0": [0, -440, 0]
          },
          "position": [0.03, 0, 0],
          "scale": {
            "0.9167": [1, 1, 1],
            "0.9583": [0, 0, 0],
            "1.6667": [0, 0, 0],
            "1.7083": [1, 1, 1]
          }
        },
        "b1": {
          "rotation": {
            "0.0": [0, 0, 0],
            "0.625": [0, 0, 0],
            "0.875": [0, -2.5, 0],
            "0.9167": [0, -2.5, 0],
            "2.25": [0, -272, 0],
            "2.375": [0, -275, 0],
            "3.0833": [0, -280, 0]
          },
          "position": {
            "3.0417": [0.016, 0, 0],
            "3.0833": [0.01, 0, 0.02]
          },
          "scale": {
            "0.9167": [1, 1, 1],
            "0.9583": [0, 0, 0],
            "2.2083": [0, 0, 0],
            "2.25": [1, 1, 1]
          }
        },
        "b2": {
          "rotation": {
            "0.0": [0, 0, 0],
            "0.2917": [0, 0, 0],
            "0.6667": [0, -7.5, 0],
            "0.9167": [0, -7.5, 0],
            "2.5833": [0, -268, 0],
            "2.7083": [0, -272, 0],
            "3.25": [0, -279.5, 0]
          },
          "position": [0.035, 0, 0],
          "scale": {
            "0.9167": [1, 1, 1],
            "0.9583": [0, 0, 0],
            "2.5417": [0, 0, 0],
            "2.5833": [1, 1, 1]
          }
        },
        "all": {
          "rotation": [0, 55, 0],
          "scale": 2
        }
      }
    },
    "p3": {
      "loop": true,
      "animation_length": 6.04167,
      "bones": {
        "a1": {
          "rotation": {
            "0.0417": [0, 0, 0],
            "0.3333": [0, -20.55, 0],
            "0.625": [0, -52.33, 0],
            "0.875": [0, -87.5, 0],
            "0.9167": [0, -87.5, 0],
            "1.7917": [0, -345.94, 0],
            "1.9167": [0, -360, 0],
            "3.0833": [0, -440, 0]
          },
          "position": [0.1, 0, 0.03],
          "scale": {
            "0.9167": [1, 1, 1],
            "0.9583": [0, 0, 0],
            "1.75": [0, 0, 0],
            "1.7917": [1, 1, 1]
          }
        },
        "a2": {
          "rotation": {
            "0.0": [0, 0, 0],
            "0.25": [0, -22.55, 0],
            "0.5": [0, -64.76, 0],
            "0.75": [0, -87.5, 0],
            "0.9167": [0, -87.5, 0],
            "1.7083": [0, -354, 0],
            "1.8333": [0, -360, 0],
            "3.0": [0, -440, 0]
          },
          "position": [0.03, 0, 0],
          "scale": {
            "0.9167": [1, 1, 1],
            "0.9583": [0, 0, 0],
            "1.6667": [0, 0, 0],
            "1.7083": [1, 1, 1]
          }
        },
        "b1": {
          "rotation": {
            "0.0": [0, 0, 0],
            "0.625": [0, 0, 0],
            "0.875": [0, -2.5, 0],
            "0.9167": [0, -2.5, 0],
            "2.25": [0, -272, 0],
            "2.375": [0, -275, 0],
            "3.0833": [0, -280, 0]
          },
          "position": {
            "3.0417": [0.016, 0, 0],
            "3.0833": [0.01, 0, 0.02]
          },
          "scale": {
            "0.9167": [1, 1, 1],
            "0.9583": [0, 0, 0],
            "2.2083": [0, 0, 0],
            "2.25": [1, 1, 1]
          }
        },
        "b2": {
          "rotation": {
            "0.0": [0, 0, 0],
            "0.2917": [0, 0, 0],
            "0.6667": [0, -7.5, 0],
            "0.9167": [0, -7.5, 0],
            "2.5833": [0, -268, 0],
            "2.7083": [0, -272, 0],
            "3.25": [0, -279.5, 0]
          },
          "position": [0.035, 0, 0],
          "scale": {
            "0.9167": [1, 1, 1],
            "0.9583": [0, 0, 0],
            "2.5417": [0, 0, 0],
            "2.5833": [1, 1, 1]
          }
        },
        "all": {
          "rotation": [-311.33272, -4.73314, -61.86026],
          "position": [4, 0, 7],
          "scale": 2
        }
      }
    },
    "def": {
      "loop": true,
      "bones": {
        "all": {
          "scale": 2
        },
        "y": {
          "scale": 0
        },
        "Le": {
          "rotation": [0, -45, 0],
          "position": [0, 0, 0.4]
        },
        "L": {
          "rotation": [0, -45, 0],
          "position": [-0.6, 0, 0.4]
        },
        "R": {
          "rotation": [0, 45, 0],
          "position": [-0.6, 0, -0.4]
        },
        "Re": {
          "rotation": [0, 45, 0],
          "position": [0, 0, -0.4]
        }
      }
    },
    "p1l": {
      "loop": true,
      "animation_length": 6.04167,
      "bones": {
        "a1": {
          "rotation": {
            "0.0417": [0, 0, 0],
            "0.3333": [0, -20.55, 0],
            "0.625": [0, -52.33, 0],
            "0.875": [0, -87.5, 0],